<?xml version="1.0" encoding="UTF-8"?>

<mule xmlns:db="http://www.mulesoft.org/schema/mule/db"
	xmlns:dw="http://www.mulesoft.org/schema/mule/ee/dw"
	xmlns="http://www.mulesoft.org/schema/mule/core" xmlns:doc="http://www.mulesoft.org/schema/mule/documentation"
	xmlns:spring="http://www.springframework.org/schema/beans" 
	xmlns:xsi="http://www.w3.org/2001/XMLSchema-instance"
	xsi:schemaLocation="http://www.mulesoft.org/schema/mule/db http://www.mulesoft.org/schema/mule/db/current/mule-db.xsd
http://www.mulesoft.org/schema/mule/ee/dw http://www.mulesoft.org/schema/mule/ee/dw/current/dw.xsd
http://www.springframework.org/schema/beans http://www.springframework.org/schema/beans/spring-beans-current.xsd
http://www.mulesoft.org/schema/mule/core http://www.mulesoft.org/schema/mule/core/current/mule.xsd">

 <flow name="get:/contact:ms3-contact-api-config">
        <enricher doc:name="Message Enricher" source="#[payload]" target="#[flowVars.identification]">
            <db:select config-ref="MySQL_Configuration" doc:name="Database">
                <db:parameterized-query><![CDATA[SELECT * FROM Contact;]]></db:parameterized-query>
            </db:select>
        </enricher>
        <enricher doc:name="Message Enricher" source="#[payload]" target="#[flowVars.address]">
            <db:select config-ref="MySQL_Configuration" streaming="true" doc:name="Database">
                <db:parameterized-query><![CDATA[SELECT * FROM Address;]]></db:parameterized-query>
            </db:select>
        </enricher>
        <logger message="AD: #[flowVars.address]" level="INFO" doc:name="Logger"/>
        <enricher doc:name="Message Enricher" source="#[payload]" target="#[flowVars.communication]">
            <db:select config-ref="MySQL_Configuration" streaming="true" doc:name="Database">
                <db:parameterized-query><![CDATA[SELECT * FROM Communication;]]></db:parameterized-query>
            </db:select>
        </enricher>
        <enricher source="#[payload]" target="#[flowVars.idList]" doc:name="Message Enricher">
            <db:select config-ref="MySQL_Configuration" doc:name="Database">
                <db:parameterized-query><![CDATA[SELECT contactID FROM Contact;]]></db:parameterized-query>
            </db:select>
        </enricher>
        <logger message="GET::::::::::#[flowVars.idList]" level="INFO" doc:name="Logger"/>
        <dw:transform-message doc:name="Transform Message">
            <dw:set-payload><![CDATA[%dw 1.0
%output application/json skipNullOn="everywhere"
---
 
 {
 	
	"Identification": flowVars.identification map ((p2, i2) ->  
		{
		"FirstName": p2.FirstName,
		"LastName": p2.LastName,
		"DOB": p2.DOB,
		"Gender": p2.Gender,
		"Title": p2.Title
	}),
	"Address": flowVars.address map ((p3, i3)-> {
		"type": p3.type,
		"number": p3.number,
		"street": p3.street,
		"Unit": p3.Unit,
		"City": p3.City,
		"State": p3.State,
		"zipcode": p3.zipcode
	}),
	"Communication": flowVars.communication  map ((p4, i4)-> {
			"type": p4.type,
			"value": p4.value,
	  		"preferred" : "true" when (p4.preferred == '1') otherwise "false" when (p4.preferred == '0') otherwise null
		})
}



]]></dw:set-payload>
        </dw:transform-message>
   
    </flow>
 

</mule>
