<?xml version="1.0" encoding="UTF-8"?>

<mule xmlns:db="http://www.mulesoft.org/schema/mule/db"
	xmlns:dw="http://www.mulesoft.org/schema/mule/ee/dw"
	xmlns="http://www.mulesoft.org/schema/mule/core" xmlns:doc="http://www.mulesoft.org/schema/mule/documentation"
	xmlns:spring="http://www.springframework.org/schema/beans" version="EE-3.8.5"
	xmlns:xsi="http://www.w3.org/2001/XMLSchema-instance"
	xsi:schemaLocation="
http://www.mulesoft.org/schema/mule/db http://www.mulesoft.org/schema/mule/db/current/mule-db.xsd 
http://www.mulesoft.org/schema/mule/ee/dw http://www.mulesoft.org/schema/mule/ee/dw/current/dw.xsd http://www.springframework.org/schema/beans http://www.springframework.org/schema/beans/spring-beans-current.xsd
http://www.mulesoft.org/schema/mule/core http://www.mulesoft.org/schema/mule/core/current/mule.xsd">

    <flow name="put:/contact/{contactId}:ms3-contact-api-config">
    <set-variable variableName="contactID" value="#[message.inboundProperties.'http.uri.params'.contactId]" doc:name="Variable"/>
         <dw:transform-message doc:name="Transform Message">
            <dw:set-payload><![CDATA[%dw 1.0
%output application/java
---
payload]]></dw:set-payload>
        </dw:transform-message>
        <enricher source="#[payload]" target="#[flowVars.temp1]" doc:name="Message Enricher">
            <db:update config-ref="MySQL_Configuration" doc:name="Database">
                <db:dynamic-query><![CDATA[UPDATE Contact
SET FirstName = '#[payload.Identification.FirstName]', LastName ='#[payload.Identification.LastName]', DOB = '#[payload.Identification.DOB]', Gender = '#[payload.Identification.Gender]',Title = '#[payload.Identification.Title]' WHERE contactID = #[flowVars.contactID];]]></db:dynamic-query>
            </db:update>
        </enricher>
        <enricher source="#[payload]" target="#[flowVars.temp2]" doc:name="Message Enricher">
            <foreach collection="#[payload.Address]" doc:name="For Each">
                <db:update config-ref="MySQL_Configuration" doc:name="Database">
                    <db:dynamic-query><![CDATA[UPDATE Address
SET type = '#[payload.type]', 
number= '#[payload.number]', 
street = '#[payload.street]', 
Unit = '#[payload.Unit]', 
City = '#[payload.City]',
State = '#[payload.State]', 
zipcode = '#[payload.zipcode]' 
WHERE contactID = #[flowVars.contactID];]]></db:dynamic-query>
                </db:update>
            </foreach>

        </enricher>
          <enricher source="#[payload]" target="#[flowVars.temp3]" doc:name="Message Enricher">
            <foreach collection="#[payload.Communication]" doc:name="For Each">
                <db:update config-ref="MySQL_Configuration" doc:name="Database">
                    <db:dynamic-query><![CDATA[UPDATE Communication
SET type= '#[payload.type]', 
value = '#[payload.value]', 
preferred = '#[payload.preferred]' 
WHERE contactID = #[flowVars.contactID];]]></db:dynamic-query>
                </db:update>
            </foreach>

        </enricher>
        <logger message="FN:::::::::::::::#[flowVars.contactID]" level="INFO" doc:name="Logger"/>
        
        <dw:transform-message doc:name="Transform Message">
            <dw:set-payload><![CDATA[%dw 1.0
%output application/json
---
{
            "Status":"Success",
            "Description": "Contact updated for " ++ (upper payload.Identification.FirstName) ++ " " ++ (upper payload.Identification.LastName)
            }
]]></dw:set-payload>
        </dw:transform-message>
</flow>


</mule>
