<?xml version="1.0" encoding="UTF-8"?>

<mule xmlns:db="http://www.mulesoft.org/schema/mule/db"
	xmlns:dw="http://www.mulesoft.org/schema/mule/ee/dw"
	xmlns="http://www.mulesoft.org/schema/mule/core" xmlns:doc="http://www.mulesoft.org/schema/mule/documentation"
	xmlns:spring="http://www.springframework.org/schema/beans" version="EE-3.8.5"
	xmlns:xsi="http://www.w3.org/2001/XMLSchema-instance"
	xsi:schemaLocation="
http://www.mulesoft.org/schema/mule/db http://www.mulesoft.org/schema/mule/db/current/mule-db.xsd 
http://www.mulesoft.org/schema/mule/ee/dw http://www.mulesoft.org/schema/mule/ee/dw/current/dw.xsd http://www.springframework.org/schema/beans http://www.springframework.org/schema/beans/spring-beans-current.xsd
http://www.mulesoft.org/schema/mule/core http://www.mulesoft.org/schema/mule/core/current/mule.xsd">

    <flow name="delete:/contact/{contactId}:ms3-contact-api-config">
    	 <set-variable variableName="contactID" value="#[message.inboundProperties.'http.uri.params'.contactId]" doc:name="Variable"/>
        <db:delete config-ref="MySQL_Configuration" doc:name="Database">
            <db:dynamic-query><![CDATA[DELETE FROM Communication
WHERE contactID = #[flowVars.contactID];]]></db:dynamic-query></db:delete>
        <db:delete config-ref="MySQL_Configuration" doc:name="Database">
            <db:dynamic-query><![CDATA[DELETE FROM Address
WHERE contactID = #[flowVars.contactID];]]></db:dynamic-query>
        </db:delete>
        <db:delete config-ref="MySQL_Configuration" doc:name="Database">
            <db:dynamic-query><![CDATA[DELETE FROM Contact
WHERE contactID = #[flowVars.contactID];]]></db:dynamic-query>
        </db:delete>
<dw:transform-message doc:name="Transform Message">
            <dw:set-payload><![CDATA[%dw 1.0
%output application/json
---
{
            "Status":"Success",
            "Description": "Contact deleted successfully."
            
            }
]]></dw:set-payload>
        </dw:transform-message>
    </flow>
 

</mule>
