<?xml version="1.0" encoding="UTF-8"?>
<mule xmlns:tracking="http://www.mulesoft.org/schema/mule/ee/tracking" xmlns="http://www.mulesoft.org/schema/mule/core" xmlns:apikit="http://www.mulesoft.org/schema/mule/apikit" xmlns:doc="http://www.mulesoft.org/schema/mule/documentation" xmlns:http="http://www.mulesoft.org/schema/mule/http" xmlns:spring="http://www.springframework.org/schema/beans" xmlns:xsi="http://www.w3.org/2001/XMLSchema-instance" xsi:schemaLocation="http://www.mulesoft.org/schema/mule/core http://www.mulesoft.org/schema/mule/core/current/mule.xsd
http://www.mulesoft.org/schema/mule/http http://www.mulesoft.org/schema/mule/http/current/mule-http.xsd
http://www.mulesoft.org/schema/mule/apikit http://www.mulesoft.org/schema/mule/apikit/current/mule-apikit.xsd
http://www.springframework.org/schema/beans http://www.springframework.org/schema/beans/spring-beans-3.1.xsd
http://www.mulesoft.org/schema/mule/ee/tracking http://www.mulesoft.org/schema/mule/ee/tracking/current/mule-tracking-ee.xsd">
  <!-- <flow name="ms3-contact-api-main">       
    <http:listener-config name="ms3-contact-api-httpListenerConfig" host="0.0.0.0" port="8081" />
    <apikit:config name="ms3-contact-api-config" raml="ms3-contact-api.raml" consoleEnabled="false" /> -->
    <flow name="ms3-contact-api-main">
        <http:listener config-ref="ms3-contact-api-httpListenerConfig" path="${http.listener.path}" doc:name="HTTP"/>
        <apikit:router config-ref="ms3-contact-api-config" doc:name="APIkit Router"/>
        <exception-strategy ref="ms3-contact-api-apiKitGlobalExceptionMapping" doc:name="Reference Exception Strategy"/>
    </flow>
    <flow name="ms3-contact-api-console">
        <http:listener config-ref="ms3-contact-api-httpListenerConfig" path="/console/*" doc:name="HTTP"/>
        <apikit:console config-ref="ms3-contact-api-config" doc:name="APIkit Console"/>
    </flow>
    <flow name="put:/contact/{contactId}:ms3-contact-api-configuration">
        <flow-ref name="put:/contact/{contactId}:ms3-contact-api-config" doc:name="Flow Reference"/>
        <set-payload value="{&#xD;&#xA;   &quot;Status&quot;: &quot;Success&quot;,&#xD;&#xA;   &quot;Description&quot;: &quot;Contact updated for ABC DEF&quot;&#xD;&#xA;}" doc:name="Set Payload"/>
    </flow>
    <flow name="delete:/contact/{contactId}:ms3-contact-api-configuration">
        <flow-ref name="delete:/contact/{contactId}:ms3-contact-api-config" doc:name="Flow Reference"/>
        <set-payload value="{&#xD;&#xA;            &quot;status&quot;:&quot;success&quot;,&#xD;&#xA;            &quot;description&quot;: &quot;Contact deleted successsfully&quot;,&#xD;&#xA;            }" doc:name="Set Payload"/>
    </flow>
    <flow name="get:/contact:ms3-contact-api-configuration">
        <flow-ref name="get:/contact:ms3-contact-api-config" doc:name="Flow Reference"/>
        <set-payload value="[{&#x9;&quot;contactId&quot;: &quot;CONBOB123&quot;,&#xA;&#x9;&quot;Identification&quot;: {&#xA;&#x9;&#x9;&quot;FirstName&quot;: &quot;Bob&quot;,&#xA;&#x9;&#x9;&quot;LastName&quot;: &quot;Frederick&quot;,&#xA;&#x9;&#x9;&quot;DOB&quot;: &quot;06/21/1980&quot;,&#xA;&#x9;&#x9;&quot;Gender&quot;: &quot;M&quot;,&#xA;&#x9;&#x9;&quot;Title&quot;: &quot;Manager&quot;&#xA;&#x9;},&#xA;&#x9;&quot;Address&quot;: [{&#xA;&#x9;&#x9;&quot;type &quot;: &quot;home&quot;,&#xA;&#x9;&#x9;&quot;number&quot;: 1234,&#xA;&#x9;&#x9;&quot;street&quot;: &quot;blah blah St&quot;,&#xA;&#x9;&#x9;&quot;Unit&quot;: &quot;1 a&quot;,&#xA;&#x9;&#x9;&quot;City&quot;: &quot;Somewhere&quot;,&#xA;&#x9;&#x9;&quot;State&quot;: &quot;WV&quot;,&#xA;&#x9;&#x9;&quot;zipcode&quot;: &quot;12345&quot;&#xA;&#x9;}],&#xA;&#x9;&quot;Communication&quot;: [{&#xA;&#x9;&#x9;&#x9;&quot;type&quot;: &quot;email&quot;,&#xA;&#x9;&#x9;&#x9;&quot;value&quot;: &quot;bfe@sample.com&quot;,&#xA;&#x9;  &#x9;&#x9;&quot;preferred&quot; : &quot;true&quot;&#xA;&#x9;&#x9;},&#xA;&#x9;&#x9;{&#xA;&#x9;&#x9;&#x9;&quot;type&quot;: &quot;cell&quot;,&#xA;&#x9;&#x9;&#x9;&quot;value&quot;: &quot;304-555-8282&quot;&#xA;&#x9;&#x9;}&#xA;&#x9;]&#xA;}]" doc:name="Set Payload"/>
    </flow>
    <flow name="get:/contact/{contactId}:ms3-contact-api-configuration">
        <flow-ref name="get:/contact/{contactId}:ms3-contact-api-config" doc:name="Flow Reference"/>
        <set-payload value="{&#xA;   &quot;Identification&quot;:    {&#xA;      &quot;FirstName&quot;: &quot;Ankur&quot;,&#xA;      &quot;LastName&quot;: &quot;Frederick&quot;,&#xA;      &quot;DOB&quot;: &quot;06/21/1980&quot;,&#xA;      &quot;Gender&quot;: &quot;M&quot;,&#xA;      &quot;Title&quot;: &quot;Manager&quot;&#xA;   },&#xA;   &quot;Address&quot;: [   {&#xA;      &quot;type&quot;: &quot;home&quot;,&#xA;      &quot;number&quot;: 1234,&#xA;      &quot;street&quot;: &quot;blah blah St&quot;,&#xA;      &quot;Unit&quot;: &quot;1 a&quot;,&#xA;      &quot;City&quot;: &quot;Somewhere&quot;,&#xA;      &quot;State&quot;: &quot;WV&quot;,&#xA;      &quot;zipcode&quot;: 12345&#xA;   }],&#xA;   &quot;Communication&quot;:    [&#xA;            {&#xA;         &quot;type&quot;: &quot;email&quot;,&#xA;         &quot;value&quot;: &quot;bfe@sample.com&quot;,&#xA;         &quot;preferred&quot;: &quot;true&quot;&#xA;      },&#xA;            {&#xA;         &quot;type&quot;: &quot;cell&quot;,&#xA;         &quot;value&quot;: &quot;304-555-8282&quot;&#xA;      }&#xA;   ]&#xA;}" doc:name="Set Payload"/>
    </flow>
    <flow name="post:/contact:ms3-contact-api-configuration">
        <flow-ref name="post:/contact:ms3-contact-api-configuration" doc:name="Flow Reference"/>

        <set-payload value="{&#xD;&#xA;            &quot;status&quot;:&quot;success&quot;,&#xD;&#xA;            &quot;description&quot;: &quot;Contact added successsfully&quot;,&#xD;&#xA;            &quot;contactId&quot;: &quot;123&quot;&#xD;&#xA;            }" doc:name="Set Payload"/>
    </flow>
    <apikit:mapping-exception-strategy name="ms3-contact-api-apiKitGlobalExceptionMapping">
        <apikit:mapping statusCode="404">
            <apikit:exception value="org.mule.module.apikit.exception.NotFoundException" />
            <set-property propertyName="Content-Type" value="application/json" doc:name="Property"/>
            <set-payload value="{ &quot;message&quot;: &quot;Resource not found&quot; }" doc:name="Set Payload"/>
        </apikit:mapping>
        <apikit:mapping statusCode="405">
            <apikit:exception value="org.mule.module.apikit.exception.MethodNotAllowedException" />
            <set-property propertyName="Content-Type" value="application/json" doc:name="Property"/>
            <set-payload value="{ &quot;message&quot;: &quot;Method not allowed&quot; }" doc:name="Set Payload"/>
        </apikit:mapping>
        <apikit:mapping statusCode="415">
            <apikit:exception value="org.mule.module.apikit.exception.UnsupportedMediaTypeException" />
            <set-property propertyName="Content-Type" value="application/json" doc:name="Property"/>
            <set-payload value="{ &quot;message&quot;: &quot;Unsupported media type&quot; }" doc:name="Set Payload"/>
        </apikit:mapping>
        <apikit:mapping statusCode="406">
            <apikit:exception value="org.mule.module.apikit.exception.NotAcceptableException" />
            <set-property propertyName="Content-Type" value="application/json" doc:name="Property"/>
            <set-payload value="{ &quot;message&quot;: &quot;Not acceptable&quot; }" doc:name="Set Payload"/>
        </apikit:mapping>
        <apikit:mapping statusCode="400">
            <apikit:exception value="org.mule.module.apikit.exception.BadRequestException" />
            <set-property propertyName="Content-Type" value="application/json" doc:name="Property"/>
            <set-payload value="{ &quot;message&quot;: &quot;Bad request&quot; }" doc:name="Set Payload"/>
        </apikit:mapping>
    </apikit:mapping-exception-strategy>
</mule>
