<?xml version="1.0" encoding="UTF-8"?>

<mule xmlns:db="http://www.mulesoft.org/schema/mule/db"
	xmlns:dw="http://www.mulesoft.org/schema/mule/ee/dw"
	xmlns="http://www.mulesoft.org/schema/mule/core" xmlns:doc="http://www.mulesoft.org/schema/mule/documentation"
	xmlns:spring="http://www.springframework.org/schema/beans" 
	xmlns:xsi="http://www.w3.org/2001/XMLSchema-instance"
	xsi:schemaLocation="http://www.mulesoft.org/schema/mule/db http://www.mulesoft.org/schema/mule/db/current/mule-db.xsd
http://www.mulesoft.org/schema/mule/ee/dw http://www.mulesoft.org/schema/mule/ee/dw/current/dw.xsd
http://www.springframework.org/schema/beans http://www.springframework.org/schema/beans/spring-beans-current.xsd
http://www.mulesoft.org/schema/mule/core http://www.mulesoft.org/schema/mule/core/current/mule.xsd">

<flow name="post:/contact:ms3-contact-api-config">
        <dw:transform-message doc:name="Transform Message">
            <dw:set-payload><![CDATA[%dw 1.0
%output application/java
---
payload]]></dw:set-payload>
        </dw:transform-message>
        <logger message="FN:::::::::::::::#[payload.Identification.FirstName.length()]" level="INFO" doc:name="Logger"/>
        <enricher source="#[payload]" target="#[flowVars.temp1]" doc:name="Message Enricher">
            <db:insert config-ref="MySQL_Configuration" doc:name="Database">
                <db:dynamic-query><![CDATA[INSERT INTO Contact(FirstName,LastName, DOB, Gender, Title) values('#[payload.Identification.FirstName]','#[payload.Identification.LastName]', '#[payload.Identification.DOB]', '#[payload.Identification.Gender]', '#[payload.Identification.Title]')]]></db:dynamic-query>
            </db:insert>
        </enricher>
        <enricher source="#[payload]" target="#[flowVars.contactID]" doc:name="Message Enricher">
            <db:select config-ref="MySQL_Configuration" doc:name="Database">
                <db:parameterized-query><![CDATA[SELECT max(contactID) as maxCID FROM Contact]]></db:parameterized-query>
            </db:select>
        </enricher>
        <enricher source="#[payload]" target="#[flowVars.temp2]" doc:name="Message Enricher">
            <foreach collection="#[payload.Address]" doc:name="For Each">
                <db:insert config-ref="MySQL_Configuration" doc:name="Database">
                    <db:dynamic-query><![CDATA[INSERT INTO Address(contactID,type,number,street,Unit,City, State, zipcode) values('#[flowVars.contactID[0].maxCID]','#[payload.type]', '#[payload.number]', '#[payload.street]', '#[payload.Unit]', '#[payload.City]', '#[payload.State]', '#[payload.zipcode]');]]></db:dynamic-query>

                </db:insert>
            </foreach>

        </enricher>
          <enricher source="#[payload]" target="#[flowVars.temp3]" doc:name="Message Enricher">
            <foreach collection="#[payload.Communication]" doc:name="For Each">
                <db:insert config-ref="MySQL_Configuration" doc:name="Database">
                    <db:dynamic-query><![CDATA[INSERT INTO Communication(contactID, type,value, preferred) values('#[flowVars.contactID[0].maxCID]','#[payload.type]', '#[payload.value]', #[payload.preferred])]]></db:dynamic-query>

                </db:insert>
            </foreach>

        </enricher>
        
        <dw:transform-message doc:name="Transform Message">
            <dw:set-payload><![CDATA[%dw 1.0
%output application/json
---
{
            "Status":"Success",
            "Description": "Contact added for " ++ (upper payload.Identification.FirstName) ++ " " ++ (upper payload.Identification.LastName),
            "Contact ID":  (flowVars.contactID[0].maxCID as :string)
            }
]]></dw:set-payload>
        </dw:transform-message>
    </flow>


</mule>
