<?xml version="1.0" encoding="UTF-8"?>

<mule xmlns:db="http://www.mulesoft.org/schema/mule/db"
	xmlns:dw="http://www.mulesoft.org/schema/mule/ee/dw"
	xmlns="http://www.mulesoft.org/schema/mule/core" xmlns:doc="http://www.mulesoft.org/schema/mule/documentation"
	xmlns:spring="http://www.springframework.org/schema/beans" version="EE-3.8.5"
	xmlns:xsi="http://www.w3.org/2001/XMLSchema-instance"
	xsi:schemaLocation="
http://www.mulesoft.org/schema/mule/db http://www.mulesoft.org/schema/mule/db/current/mule-db.xsd 
http://www.mulesoft.org/schema/mule/ee/dw http://www.mulesoft.org/schema/mule/ee/dw/current/dw.xsd http://www.springframework.org/schema/beans http://www.springframework.org/schema/beans/spring-beans-current.xsd
http://www.mulesoft.org/schema/mule/core http://www.mulesoft.org/schema/mule/core/current/mule.xsd">

  <flow name="get:/contact/{contactId}:ms3-contact-api-config">
        <set-variable variableName="contactID" value="#[message.inboundProperties.'http.uri.params'.contactId]" doc:name="Variable"/>
        <logger message="ID:::::::::::::::#[flowVars.contactID]" level="INFO" doc:name="Logger"/>
        <enricher doc:name="Message Enricher" source="#[payload]" target="#[flowVars.identification]">
            <db:select config-ref="MySQL_Configuration" doc:name="Database">
                <db:parameterized-query><![CDATA[SELECT * FROM Contact WHERE contactID = #[flowVars.contactID]]]></db:parameterized-query>
            </db:select>
        </enricher>
        <enricher doc:name="Message Enricher" source="#[payload]" target="#[flowVars.address]">
            <db:select config-ref="MySQL_Configuration" streaming="true" doc:name="Database">
                <db:parameterized-query><![CDATA[SELECT * FROM Address WHERE contactID = #[flowVars.contactID]]]></db:parameterized-query>
            </db:select>
        </enricher>
        <logger message="AD: #[flowVars.address]" level="INFO" doc:name="Logger"/>
        <enricher doc:name="Message Enricher" source="#[payload]" target="#[flowVars.communication]">
            <db:select config-ref="MySQL_Configuration" streaming="true" doc:name="Database">
                <db:parameterized-query><![CDATA[SELECT * FROM Communication WHERE contactID = #[flowVars.contactID]]]></db:parameterized-query>
            </db:select>
        </enricher>
        <dw:transform-message doc:name="Transform Message">
            <dw:set-payload><![CDATA[%dw 1.0
%output application/json skipNullOn="everywhere"
---
{	
	"Identification":  {
		"FirstName": flowVars.identification[0].FirstName,
		"LastName": flowVars.identification[0].LastName,
		"DOB": flowVars.identification[0].DOB,
		"Gender": flowVars.identification[0].Gender,
		"Title": flowVars.identification[0].Title
	},
	"Address": flowVars.address map {
		"type": $.type,
		"number": $.number,
		"street": $.street,
		"Unit": $.Unit,
		"City": $.City,
		"State": $.State,
		"zipcode": $.zipcode
	},
	"Communication": flowVars.communication map {
			"type": $.type,
			"value": $.value,
	  		"preferred" : "true" when ($.preferred == '1') otherwise "false" when ($.preferred == '0') otherwise null
		}
}]]></dw:set-payload>
        </dw:transform-message>
    </flow>
    

</mule>
